PK,NOMBRE,HORARIO,DESCRIPCION,TRANSPORTE,ACCESIBILIDAD,CONTENT-URL,NOMBRE-VIA,CLASE-VIAL,same_as_wikidata_road,NUM,LOCALIDAD,PROVINCIA,CODIGO-POSTAL,BARRIO,same_as_wikidata_neighborhoodOfMadrid,DISTRITO,same_as_wikidata_distrito,LATITUD,LONGITUD,TELEFONO 1,TELEFONO 2,TELEFONO 3
11187846,Aula de estudio Centro Cultural San Juan Bautista (Ciudad Lineal),Julio: Lunes a viernes de 9:30  a 14 horas (domingos y festivos cerrado) Septiembre: Lunes a viernes de 9:30  a 20:30 horas (domingos y festivos cerrado) Semana Santa: de 9:30 a 20 horas (domingos y festivos cerrado),Puestos de lectura: 15 (reducido 10). Se trata de un aula que se utiliza cuando no hay talleres durante julio septiembre y Semana Santa. Zona wifi,Metro: Avenida de la Paz (línea 4)  Bus: 53,1,http://www.madrid.es/sites/v/index.jsp?vgnextchannel=bfa48ab43d6bb410VgnVCM100000171f5a0aRCRD&vgnextoid=e10cd76f718a2710VgnVCM1000001d4a900aRCRD,SAN NEMESIO,street,https://www.wikidata.org/wiki/Q79007,4,MADRID,MADRID,28043,San Juan Bautista,https://www.wikidata.org/wiki/Q165609,Ciudad Lineal,https://www.wikidata.org/wiki/Q1763694,40.45224710166,-3.658029027767765,914 157 705,,
1958,Centro Cultural San Juan Bautista (Ciudad Lineal),De lunes a viernes de 10 a 14 y de 15 a 18 horas. Julio de lunes a viernes de 10 a 14 horas. Agosto cerrado. Fuera de este horario el centro permanecerá abierto durante la celebración de las actividades que se programen.,Sala de exposiciones Sala de lectura y estuduo Salón de actos / auditorio (aforo 208) 6 Aulas Zona wifi   Sala de lectura y estudio: Durante el mes de julio de 10 a 14 horas.,Metro: Avenida de la Paz (línea 4)  Bus: 53,1,http://www.madrid.es/sites/v/index.jsp?vgnextchannel=bfa48ab43d6bb410VgnVCM100000171f5a0aRCRD&vgnextoid=618b1e79ee71c010VgnVCM1000000b205a0aRCRD,SAN NEMESIO,street,https://www.wikidata.org/wiki/Q79007,4,MADRID,MADRID,28043,San Juan Bautista,https://www.wikidata.org/wiki/Q165609,Ciudad Lineal,https://www.wikidata.org/wiki/Q1763694,40.45224737965276,-3.6580402287911937,914 157 705,,
8637537,Sala de Estudio del Centro Sociocultural Clara Campoamor (Retiro),Lunes a viernes de 9 a 21 h.  Sábados domingos y festivos de 10 a 21 h. (Con excepción del 25 de diciembre y 1 y 6 de enero en los que la Junta Municipal permanece cerrada).,Zona wifi,Metro: Pacífico (línea 1 y 6)  Bus: 24 37 54 57 141  Bicimad: Estación 178 (calle León Gil de Palacio 3)  Aparcamiento: Daoíz y Velarde (23) avenida Ciudad de Barcelona ( calle Alberche y calle Téllez),1,http://www.madrid.es/sites/v/index.jsp?vgnextchannel=bfa48ab43d6bb410VgnVCM100000171f5a0aRCRD&vgnextoid=ad345442c6452510VgnVCM2000000c205a0aRCRD,DAOIZ Y VELARDE,square,https://www.wikidata.org/wiki/Q174782,2,MADRID,MADRID,28007,Pacífico,https://www.wikidata.org/wiki/Q3773753,Retiro,https://www.wikidata.org/wiki/Q2002296,40.402190438836826,-3.6772826298329093,915 886 348,,
4813751,Sala de estudio Alfonso XII (Fuencarral - El Pardo),De lunes a sábado Turno de mañana- de 9 a 14 horas Turno de tarde- de 16 a 21 horas,Normas generales:  Uso obligatorio de la mascarilla. Mantener distancia de seguridad. Una vez se ocupa el puesto queda terminantemente prohibido cambiar de sitio o puesto.            Prohibido comer en la sala. Mantenerse en silencio. Cumplir los horarios estipulados. El incumplimiento de estas normas puede suponer la denegación de uso de la sala.,,1,http://www.madrid.es/sites/v/index.jsp?vgnextchannel=bfa48ab43d6bb410VgnVCM100000171f5a0aRCRD&vgnextoid=2e7a8917a2058110VgnVCM2000000c205a0aRCRD,MIRA EL RIO,street,https://www.wikidata.org/wiki/Q79007,4,MADRID,MADRID,28048,El Pardo,https://www.wikidata.org/wiki/Q3314337,Fuencarral-El Pardo,https://www.wikidata.org/wiki/Q656196,40.519673311658686,-3.7779055687726535,913 762 060,,
4813737,Sala de estudio Alfredo Kraus (Fuencarral - El Pardo),De lunes a sábado Turno de mañana- de 9 a 14 horas Turno de tarde- de 16 a 21 horas,Normas generales:  Uso obligatorio de la mascarilla. Mantener distancia de seguridad. Una vez se ocupa el puesto queda terminantemente prohibido cambiar de sitio o puesto.            Prohibido comer en la sala. Mantenerse en silencio. Cumplir los horarios estipulados. El incumplimiento de estas normas puede suponer la denegación de uso de la sala.,,1,http://www.madrid.es/sites/v/index.jsp?vgnextchannel=bfa48ab43d6bb410VgnVCM100000171f5a0aRCRD&vgnextoid=2ec62928b1058110VgnVCM2000000c205a0aRCRD,PRADERA DE VAQUERIZAS,roundabout,https://www.wikidata.org/wiki/Q1525,9,MADRID,MADRID,28035,Mirasierra,https://www.wikidata.org/wiki/Q31134,Fuencarral-El Pardo,https://www.wikidata.org/wiki/Q656196,40.49082275610172,-3.7216054330053647,913 767 085,,
8041076,Sala de estudio Almirante Churruca (Latina),En horario de funcionamiento del centro:  Lunes a Viernes de 9 a 21:30 horas. Sábados de 9 a 13:30 horas.,Puestos de lectura: 120. Wifi.,Metro: Aviación Española (línea 10). Bus: 17 34. Cercanías Renfe: Las Águilas (línea C5).,1,http://www.madrid.es/sites/v/index.jsp?vgnextchannel=bfa48ab43d6bb410VgnVCM100000171f5a0aRCRD&vgnextoid=3ab67c6cd874d410VgnVCM1000000b205a0aRCRD,FUENTE DEL TIRO,street,https://www.wikidata.org/wiki/Q79007,72,MADRID,MADRID,28024,Las Águilas,https://www.wikidata.org/wiki/Q5971372,Latina,https://www.wikidata.org/wiki/Q794954,40.382992678408066,-3.7800773802118117,915 090 581,917 053 794,
10415134,Sala de estudio Aravaca (Moncloa-Aravaca),De lunes a sábado de 9 a 14 y de 15 a 21 horas.,Puestos de lectura: 8 (de los 32 quedan reducidos a 8 por motivos de seguridad sanitaria). Zona wifi.,Bus: 160 161.,1,http://www.madrid.es/sites/v/index.jsp?vgnextchannel=bfa48ab43d6bb410VgnVCM100000171f5a0aRCRD&vgnextoid=4b308cfd9a8ec510VgnVCM2000001f4a900aRCRD,ZARZA,street,https://www.wikidata.org/wiki/Q79007,20,MADRID,MADRID,28023,Aravaca,https://www.wikidata.org/wiki/Q3314682,Moncloa-Aravaca,https://www.wikidata.org/wiki/Q2017682,40.45843103553325,-3.785855667139094,917 401 596,,
4815112,Sala de estudio Carril del Conde (Hortaleza),Horario habitual: De lunes a domingos y festivos de 9 a 22 horas.  Julio y agosto cerrado.,Puestos de lectura: 150 Wifi,Metro: Arturo Soria (línea 4)  Bus: 9 72 73,1,http://www.madrid.es/sites/v/index.jsp?vgnextchannel=bfa48ab43d6bb410VgnVCM100000171f5a0aRCRD&vgnextoid=cdc10e4d44558110VgnVCM1000000b205a0aRCRD,CARRIL DEL CONDE,street,https://www.wikidata.org/wiki/Q79007,57,MADRID,MADRID,28043,Canillas,https://www.wikidata.org/wiki/Q9694341,Hortaleza,https://www.wikidata.org/wiki/Q1928529,40.46088946853693,-3.654432812836867,917 161 240,,
6953036,Sala de estudio Centro Cultural Juvenil de Usera,De lunes a viernes de 9 a 14 y de 15 a 21 horas. Agosto cerrado.,Puestos de lectura: 20 (Aforo máximo reducido a 9 personas). Zona wifi.,Metro: Usera (línea 6)  Bus: 55 60,1,http://www.madrid.es/sites/v/index.jsp?vgnextchannel=bfa48ab43d6bb410VgnVCM100000171f5a0aRCRD&vgnextoid=9749b68f981ce310VgnVCM1000000b205a0aRCRD,CUESTA,street,https://www.wikidata.org/wiki/Q79007,4,MADRID,MADRID,28026,Moscardó,https://www.wikidata.org/wiki/Q11937679,Usera,https://www.wikidata.org/wiki/Q953368,40.389856130874605,-3.7074718790538297,913 920 541,,
4812338,Sala de estudio Centro Dotacional Integrado de Arganzuela,De lunes a sábado de 9 a 21 horas. Dos turnos:  Mañana: de 9 a 15 horas. Tarde: de 16 a 21 horas.   Agosto cerrado.,Puestos de lectura (aforo máximo): 74 personas.  INSCRIPCIÓN OBLIGATORIA EN EL MOSTRADOR DEL CENTRO La inscripción será por orden de llegada hasta completar aforo IMPRESCINDIBLE DNI  No está permitido cambiar de ubicación el mobiliario de la sala No se permiten comidas ni bebidas (EXCEPTO AGUA) No está permitido intercambiar puestos con otros usuarios  Zona wifi,Metro: Palos de la Frontera (línea 3)  Bus: 19 247 45 47 8 86 55 6 E1 59 85  Cercanías RENFE: Delicias (líneas C1 C7 C10)  Bicimad: Estación 120 (calle Palos de la Frontera 40),1,http://www.madrid.es/sites/v/index.jsp?vgnextchannel=bfa48ab43d6bb410VgnVCM100000171f5a0aRCRD&vgnextoid=217024521f048110VgnVCM1000000b205a0aRCRD,CANARIAS,street,https://www.wikidata.org/wiki/Q79007,17,MADRID,MADRID,28045,Palos de Moguer,https://www.wikidata.org/wiki/Q521009,Arganzuela,https://www.wikidata.org/wiki/Q2000929,40.40207279862862,-3.6955325387824014,915 063 610,,
4815363,Sala de estudio Centro Juvenil El Sitio de mi Recreo (Villa de Vallecas),Consultar telefonicamente,Puestos de lectura: 40,Metro: Villa de Vallecas (línea 1) Bus: 58,0,http://www.madrid.es/sites/v/index.jsp?vgnextchannel=bfa48ab43d6bb410VgnVCM100000171f5a0aRCRD&vgnextoid=af2192cfd9558110VgnVCM1000000b205a0aRCRD,REAL DE ARGANDA,street,https://www.wikidata.org/wiki/Q79007,39,MADRID,MADRID,28031,Santa Eugenia,https://www.wikidata.org/wiki/Q390463,Villa de Vallecas,https://www.wikidata.org/wiki/Q1947988,40.37953682427198,-3.616901585603186,913 052 448,,
11187831,Sala de estudio Centro Sociocultural Ciudad Lineal (Ciudad Lineal),Lunes a viernes de 9  a 13:45 y de 14:15 a 20:30 horas. Julio: de lunes a viernes de 9 a 14:30 horas. Agosto cerrado.,Puestos de lectura: 9 Zona wifi,Bus: 110 113 210,1,http://www.madrid.es/sites/v/index.jsp?vgnextchannel=bfa48ab43d6bb410VgnVCM100000171f5a0aRCRD&vgnextoid=a179d76f718a2710VgnVCM1000001d4a900aRCRD,POETA BLAS DE OTERO,street,https://www.wikidata.org/wiki/Q79007,81,MADRID,MADRID,28017,Ventas,https://www.wikidata.org/wiki/Q71762,Ciudad Lineal,https://www.wikidata.org/wiki/Q1763694,40.42285715768873,-3.651680076113881,917 817 494,,
10510680,Sala de estudio Centro Sociocultural El Greco (Latina),En horario de funcionamiento del centro:  Lunes a Viernes de 9 a 21:30 horas. Sábados de 9 a 13:30 horas.,Puestos de lectura: 59. Zona wifi.,Metro: Lucero (línea 6) Batán (línea 10). Bus: 33 36 39 65.,1,http://www.madrid.es/sites/v/index.jsp?vgnextchannel=bfa48ab43d6bb410VgnVCM100000171f5a0aRCRD&vgnextoid=bbad79e15d7ee510VgnVCM2000001f4a900aRCRD,EL GRECO,street,https://www.wikidata.org/wiki/Q79007,29,MADRID,MADRID,28024,Las Águilas,https://www.wikidata.org/wiki/Q5971372,Latina,https://www.wikidata.org/wiki/Q794954,40.382992678408066,-3.7800773802118117,914 793 261,914 793 150,
4815051,Sala de estudio Centro Sociocultural Moratalaz,Lunes a viernes de 9 a 13:50 y de 15 a 20:50 horas.  Sábados de 10 a 13:50 y de 16 a 21:40 horas. Domingos de 10 a 13:50 y de 16:30 a 20:20 horas. Festivos de 10 a 13:50 horas. Julio: lunes a viernes de 9 a 13:50 y de 15 a 20:50 horas. Sábados de 16 a 21:60 horas. Domingos y festivos cerrado. Agosto:  lunes a viernes de 9 a 13:50 y de 15 a 20:50 horas. Sábados domingos y festivos cerrado.,Puestos de lectura: 80 (reducido 39) Zona wifi.,Metro: Pavones (línea 9)  Bus: 142 144 8 20 32 140,1,http://www.madrid.es/sites/v/index.jsp?vgnextchannel=bfa48ab43d6bb410VgnVCM100000171f5a0aRCRD&vgnextoid=32c2b51383558110VgnVCM1000000b205a0aRCRD,FUENTE CARRANTONA,street,https://www.wikidata.org/wiki/Q79007,10,MADRID,MADRID,28030,Pavones,https://www.wikidata.org/wiki/Q71760,Moratalaz,https://www.wikidata.org/wiki/Q2076109,40.39883403330691,-3.636898142855895,915 880 459,,
8026323,Sala de estudio Centro Sociocultural Siena (Ciudad Lineal),Lunes a viernes de 9 a 14:30 y de 15 a 21 horas. Agosto cerrado.,Puestos de lectura: 18 Zona wifi,Metro: Quintana (línea 5)  Bus: 21 38,0,http://www.madrid.es/sites/v/index.jsp?vgnextchannel=bfa48ab43d6bb410VgnVCM100000171f5a0aRCRD&vgnextoid=e4e458caf0f1d410VgnVCM1000000b205a0aRCRD,SIENA,street,https://www.wikidata.org/wiki/Q79007,52,MADRID,MADRID,28027,Quintana,https://www.wikidata.org/wiki/Q71810,Ciudad Lineal,https://www.wikidata.org/wiki/Q1763694,40.43316516575713,-3.651876723048774,914 039 011,,
4814996,Sala de estudio Centro Sociocultural Talleres de Creatividad (Puente de Vallecas),Jueves y viernes de 13:30 a 17 horas. Julio y septiembre de lunes a viernes de 9:30 a 13:30 horas. Agosto cerrado.,Puestos de lectura: 16. Zona wifi.,Metro: Nueva Numancia Portazgo (línea 1).  Bus: 1011 24 310 57 103.,0,http://www.madrid.es/sites/v/index.jsp?vgnextchannel=bfa48ab43d6bb410VgnVCM100000171f5a0aRCRD&vgnextoid=ada6f5fea2558110VgnVCM1000000b205a0aRCRD,SIERRA CARBONERA,street,https://www.wikidata.org/wiki/Q79007,74,MADRID,MADRID,28053,San Diego,https://www.wikidata.org/wiki/Q11946851,Puente de Vallecas,https://www.wikidata.org/wiki/Q2003054,40.39009728291889,-3.665329063724782,917 570 189,917 570 240,
5709413,Sala de estudio Centro cultural El Torito (Moratalaz),Lunes a viernes de 9 a 13:30 y de 15:30 a 21:30 horas. Sábados de 9 a 13:30 y de 16:30 a 21:30.  Julio de lunes a viernes 9 a 13:30 y de 17 a 19:30 horas. Sábados cerrado. Septiembre de lunes a viernes de 9 a 13:30 y de 17 a 19:30 horas. Sábados de 9 a 13:30 y de 16:30 a 21:30. Agosto cerrado.,Puestos de lectura: 14 Zona wifi,Metro: Artilleros (línea 9)  Bus: 32,1,http://www.madrid.es/sites/v/index.jsp?vgnextchannel=bfa48ab43d6bb410VgnVCM100000171f5a0aRCRD&vgnextoid=3874efd1977f8210VgnVCM1000000b205a0aRCRD,MORATALAZ,avenue,https://www.wikidata.org/wiki/Q7543083,130,MADRID,MADRID,28030,Vinateros,https://www.wikidata.org/wiki/Q10391533,Moratalaz,https://www.wikidata.org/wiki/Q2076109,40.40609591857167,-3.646536107063507,913 287 385,914 306 940,
8000760,Sala de estudio Centro cultural Lope de Vega (Puente de Vallecas),De lunes a viernes de 8:30 a 21:30 horas sábados domingos y festivos cerrada. Julio de lunes a viernes de 8:30 a 15 horas. Agosto cerrada. Semana de San Isidro de lunes a viernes de 8:30 a 21:30 horas.,Puestos de lectura: 32 (reducido por COVID-19 a 13 puestos). Zona wifi.,Bus: 102 24.  Cercanías Renfe: Asamblea de Madrid-Entrevías (línea C2).,1,http://www.madrid.es/sites/v/index.jsp?vgnextchannel=bfa48ab43d6bb410VgnVCM100000171f5a0aRCRD&vgnextoid=a190e189b66dc410VgnVCM2000000c205a0aRCRD,CONCEJO DE TEVERGA,street,https://www.wikidata.org/wiki/Q79007,1,MADRID,MADRID,28053,Entrevías,https://www.wikidata.org/wiki/Q71756,Puente de Vallecas,https://www.wikidata.org/wiki/Q2003054,40.386293684801885,-3.6718658006661906,917 570 580,,
4816516,Sala de estudio Centro cultural Rafael Altamira antes Palacete Quinta del Berro (Salamanca),Consultar telefónicamente.,,Bus: 15 28 71,1,http://www.madrid.es/sites/v/index.jsp?vgnextchannel=bfa48ab43d6bb410VgnVCM100000171f5a0aRCRD&vgnextoid=1947371b6e958110VgnVCM1000000b205a0aRCRD,ENRIQUE D'ALMONTE,street,https://www.wikidata.org/wiki/Q79007,1,MADRID,MADRID,28028,Fuente del Berro,https://www.wikidata.org/wiki/Q3814564,Salamanca,https://www.wikidata.org/wiki/Q1773521,40.42206608753629,-3.662956288628484,915 570 807,915 570 808,915 570 809
4814317,Sala de estudio Centro sociocultural Cánovas del Castillo (Usera),De lunes a viernes de 9 a 14 y de 15 a 21:30 horas. Sábados de 9 a 14 horas. Agosto cerrado.,Puestos de lectura: 44 (aforo reducido a 15 personas) Zona wifi,Metro: Almendrales (línea 3)  Bus: 47 247 6 78 18 22 59 76 79 85 86 23 123,1 y 4,http://www.madrid.es/sites/v/index.jsp?vgnextchannel=bfa48ab43d6bb410VgnVCM100000171f5a0aRCRD&vgnextoid=b10c750b1c058110VgnVCM2000000c205a0aRCRD,JULIO AGUIRRE,street,https://www.wikidata.org/wiki/Q79007,10,MADRID,MADRID,28026,Almendrales,https://www.wikidata.org/wiki/Q9604761,Usera,https://www.wikidata.org/wiki/Q953368,40.38626143332092,-3.7000825227295007,915 005 489,,
8071924,Sala de estudio Ciudad Pegaso (San Blas - Canillejas),Lunes a viernes de 9:30 a 14:30 y de 16:30 a 21:30 horas.,Puestos de lectura: 24 Zona wifi,Bus: 77,1,http://www.madrid.es/sites/v/index.jsp?vgnextchannel=bfa48ab43d6bb410VgnVCM100000171f5a0aRCRD&vgnextoid=df3576e159ead410VgnVCM1000000b205a0aRCRD,SÉPTIMA,avenue,https://www.wikidata.org/wiki/Q7543083,11,MADRID,MADRID,28022,Rejas,https://www.wikidata.org/wiki/Q10359029,San Blas,https://www.wikidata.org/wiki/Q2001937,40.448428925762634,-3.5980969888187393,913 209 770,917 415 852,
4815414,Sala de estudio El Madroño (Vicálvaro),Sábados domingos y festivos de 9 a 14 y de 16 a 19:45 horas.  Cerrada los días festivos de Navidad y Reyes.,Puestos de lectura: 30. Zona wifi.,Metro: Vicálvaro (línea 9).  Bus: 130 100 106 4.,1,http://www.madrid.es/sites/v/index.jsp?vgnextchannel=bfa48ab43d6bb410VgnVCM100000171f5a0aRCRD&vgnextoid=62c0c0e48a558110VgnVCM1000000b205a0aRCRD,VILLARDONDIEGO,street,https://www.wikidata.org/wiki/Q79007,36,MADRID,MADRID,28032,CASCO H.VICALVARO,,Vicálvaro,https://www.wikidata.org/wiki/Q589403,40.405292721436055,-3.6086161200017157,917 753 140,,
5753713,Sala de estudio Fernando Lázaro Carreter (Carabanchel),Lunes a viernes: de 9 a 14 y de 16:30 a 20:30 horas. Sábados: de 10 a 13:30 y de 16:30 a 20:30 horas. Domingos agosto y festivos cerrado.,Puestos de lectura: 40 (consultar aforo reducido) Zona wifi,Bus: 116  Metro: Marqués de Vadillo (línea 5) Plaza Elíptica (línea 6 y 11),1,http://www.madrid.es/sites/v/index.jsp?vgnextchannel=bfa48ab43d6bb410VgnVCM100000171f5a0aRCRD&vgnextoid=b0bb1c35f67a9210VgnVCM1000000b205a0aRCRD,VERDAD,street,https://www.wikidata.org/wiki/Q79007,29,MADRID,MADRID,28019,Opañel,https://www.wikidata.org/wiki/Q3813756,Carabanchel,https://www.wikidata.org/wiki/Q1001991,40.39164343238081,-3.717140510927299,914 690 895,,
6924985,Sala de estudio Francisco José González Tejera (Hortaleza),Horario habitual: de lunes a domingos y festivos de 9 a 22 horas. Horario verano: de lunes a domingos y festivos de 9 a 22 horas.,Puestos de lectura: 56 Wifi,Metro: Parque de Santa María (línea 4)  Bus: 72 87 107,1,http://www.madrid.es/sites/v/index.jsp?vgnextchannel=bfa48ab43d6bb410VgnVCM100000171f5a0aRCRD&vgnextoid=dd6f094110a5e310VgnVCM1000000b205a0aRCRD,SANTA VIRGILIA,street,https://www.wikidata.org/wiki/Q79007,15,MADRID,MADRID,28033,Pinar del Rey,https://www.wikidata.org/wiki/Q10349788,Hortaleza,https://www.wikidata.org/wiki/Q1928529,40.47685971480448,-3.6420589279590887,913 821 493,,
5753557,Sala de estudio Galileo (Chamberí),De lunes a viernes de 9 a 14 y de 15 a 21 horas. Sábados domingos y festivos de 9:30 a 14 y de 15 a 20:30 horas.,Puestos de lectura: 50.,Metro: Moncloa (líneas 3 6)  Quevedo (línea 2)  Bus: 2 16 61  Bicimad: 127 (calle Fernando el Católico 19),1,http://www.madrid.es/sites/v/index.jsp?vgnextchannel=bfa48ab43d6bb410VgnVCM100000171f5a0aRCRD&vgnextoid=08a9964bd47a9210VgnVCM1000000b205a0aRCRD,GALILEO,street,https://www.wikidata.org/wiki/Q79007,39,MADRID,MADRID,28015,Arapiles,https://www.wikidata.org/wiki/Q10856744,Chamberí,https://www.wikidata.org/wiki/Q1763370,40.43371190964793,-3.7104543597957758,915 913 901,,
8071938,Sala de estudio José Luis López Vázquez (San Blas - Canillejas),De lunes a viernes de 9 a 13:30 y de 16 a 20:30 horas. Sábados: De 9 a 13:30 horas. Domingos y festivos y agosto: cerrado.,Puestos de lectura: 57 Zona wifi,Bus: 167 77,2,http://www.madrid.es/sites/v/index.jsp?vgnextchannel=bfa48ab43d6bb410VgnVCM100000171f5a0aRCRD&vgnextoid=9db676e159ead410VgnVCM1000000b205a0aRCRD,FEBRERO,street,https://www.wikidata.org/wiki/Q79007,4,MADRID,MADRID,28022,Rejas,https://www.wikidata.org/wiki/Q10359029,San Blas,https://www.wikidata.org/wiki/Q2001937,40.446818592300296,-3.572741163820915,913 293 900,,
4813757,Sala de estudio Julio Cortázar (Moncloa-Aravaca),De lunes a sábado de 9 a 14 y de 15 a 21 horas.  Cerrado: Domingos y festivos 24 25 y 31 de diciembre 1 de enero y 15 de agosto.,Puestos de lectura: 65 (de los 125 quedan reducidos a 65 por motivos de seguridad sanitaria). Zona wifi.,Metro: Valdezarza (línea 7) y Antonio Machado (línea 7).  Bus: 127 132 126.,1,http://www.madrid.es/sites/v/index.jsp?vgnextchannel=bfa48ab43d6bb410VgnVCM100000171f5a0aRCRD&vgnextoid=53918917a2058110VgnVCM2000000c205a0aRCRD,ANTONIO MACHADO,street,https://www.wikidata.org/wiki/Q79007,20,MADRID,MADRID,28035,Valdezarza,https://www.wikidata.org/wiki/Q10388728,Moncloa-Aravaca,https://www.wikidata.org/wiki/Q2017682,40.46678159096302,-3.7195669111891703,913 734 375,,
4815257,Sala de estudio Los Rosales,Consultar telefónicamente.,Puestos de lectura: 32,Bus: 85 Renfe: Villaverde Bajo,1,http://www.madrid.es/sites/v/index.jsp?vgnextchannel=bfa48ab43d6bb410VgnVCM100000171f5a0aRCRD&vgnextoid=1bcbc1e158558110VgnVCM1000000b205a0aRCRD,LOS ROSALES,avenue,https://www.wikidata.org/wiki/Q7543083,133,MADRID,MADRID,28021,Butarque,https://www.wikidata.org/wiki/Q390453,Villaverde,https://www.wikidata.org/wiki/Q919536,40.35074797433515,-3.6773064421969233,917 109 273,,
6468021,Sala de estudio Luis García Berlanga (Tetuán),De lunes a domingo de 9 a 21 horas Festivos cerrado,Puestos de lectura: 60 personas Zona wifi,Metro: Valdeacederas (línea 1)  Bus: 49  66 124,1,http://www.madrid.es/sites/v/index.jsp?vgnextchannel=bfa48ab43d6bb410VgnVCM100000171f5a0aRCRD&vgnextoid=f5abe23a26bd7310VgnVCM1000000b205a0aRCRD,VIÑA VIRGEN,street,https://www.wikidata.org/wiki/Q79007,2,MADRID,MADRID,28029,Almenara,https://www.wikidata.org/wiki/Q2265427,Tetuán,https://www.wikidata.org/wiki/Q1773540,40.46527083469685,-3.6940726509061683,915 133 253,,
4812602,Sala de estudio Luis Gonzaga (Chamartín),De lunes a domingo 9 a 21:30 horas.  Cerrado: festivos y mes de agosto.  Fuera de este horario el centro permanecerá abierto durante la celebración de las actividades que se programen.,Puestos de lectura: 98 (reducido 32) Zona wifi,Metro: Cruz del Rayo (línea 9)  Bus: 29 52 1  Bicimad: Estación 146 (calle María Francisca 1),1,http://www.madrid.es/sites/v/index.jsp?vgnextchannel=bfa48ab43d6bb410VgnVCM100000171f5a0aRCRD&vgnextoid=e653d0a471148110VgnVCM1000000b205a0aRCRD,PRINCIPE DE VERGARA,street,https://www.wikidata.org/wiki/Q79007,142,MADRID,MADRID,28002,Ciudad Jardín,https://www.wikidata.org/wiki/Q3773744,Chamartín,https://www.wikidata.org/wiki/Q1766348,40.44489723228663,-3.6780972922453685,915 886 596,,
5753512,Sala de estudio Maestro Alonso (Salamanca),Consultar telefónicamente.,Puestos de lectura: 26 Zona wifi,Metro: Ventas (líneas 2 5)  Bus: 12 21 53 106 110 146 210 38  Bicimad: Estación 187 (calle Alejandro González 1),1,http://www.madrid.es/sites/v/index.jsp?vgnextchannel=bfa48ab43d6bb410VgnVCM100000171f5a0aRCRD&vgnextoid=e894be85b37a9210VgnVCM1000000b205a0aRCRD,MAESTRO ALONSO,street,https://www.wikidata.org/wiki/Q79007,6,MADRID,MADRID,28028,Fuente del Berro,https://www.wikidata.org/wiki/Q3814564,Salamanca,https://www.wikidata.org/wiki/Q1773521,40.42938854032785,-3.664855511110751,913 560 807,917 268 800,
4815260,Sala de estudio Marconi,Consultar telefónicamente.,Puestos de lectura: 16,Bus: 79,0,http://www.madrid.es/sites/v/index.jsp?vgnextchannel=bfa48ab43d6bb410VgnVCM100000171f5a0aRCRD&vgnextoid=fcffc1e158558110VgnVCM1000000b205a0aRCRD,COLONIA MARCONI,entrance,https://www.wikidata.org/wiki/Q1137365,4,MADRID,MADRID,28021,"Villaverde Alto, Casco Histórico de Villaverde",https://www.wikidata.org/wiki/Q390435,Villaverde,https://www.wikidata.org/wiki/Q919536,40.334751832113774,-3.700809560921597,917 100 232,,
5753637,Sala de estudio Montecarmelo (Fuencarral - El Pardo),De lunes a sábado Turno de mañana- de 9 a 14 horas Turno de tarde- de 16 a 21 horas,Normas generales:  Uso obligatorio de la mascarilla. Mantener distancia de seguridad. Una vez se ocupa el puesto queda terminantemente prohibido cambiar de sitio o puesto.             Prohibido comer en la sala. Mantenerse en silencio. Cumplir los horarios estipulados. El incumplimiento de estas normas puede suponer la denegación de uso de la sala.,,1,http://www.madrid.es/sites/v/index.jsp?vgnextchannel=bfa48ab43d6bb410VgnVCM100000171f5a0aRCRD&vgnextoid=ae87964bd47a9210VgnVCM1000000b205a0aRCRD,SANTUARIO DE VALVERDE.,avenue,https://www.wikidata.org/wiki/Q7543083,114,MADRID,MADRID,28049,El Goloso,https://www.wikidata.org/wiki/Q10271137,Fuencarral-El Pardo,https://www.wikidata.org/wiki/Q656196,40.51635495615339,-3.685946562681175,917 364 151,,
10751094,Sala de estudio Motilla del Palancar (Hortaleza),De lunes a domingos y festivos de 9 a 22 horas.,Puestos de lectura: 60 Wifi,Metro: Canillas (línea 4)  Bus: 73 120 112 153,0,http://www.madrid.es/sites/v/index.jsp?vgnextchannel=bfa48ab43d6bb410VgnVCM100000171f5a0aRCRD&vgnextoid=f2114531d18a4610VgnVCM1000001d4a900aRCRD,MOTILLA DEL PALANCAR,street,https://www.wikidata.org/wiki/Q79007,13,MADRID,MADRID,28043,Canillas,https://www.wikidata.org/wiki/Q9694341,Hortaleza,https://www.wikidata.org/wiki/Q1928529,40.46532067984838,-3.633321598436636,683 498 715,,
4814223,Sala de estudio Oporto (Carabanchel),Lunes a viernes: de 9 a 14 y de 16:30 a 20:30 horas. Sábados: de 10 a 13:30 y de 16:30 a 20:30 horas. Agosto cerrado.,Puestos de lectura: 20 Zona wifi en planta baja.,Metro: Oporto (líneas 5 6)  Opañel (línea 6)  Bus: 55 81 108 118 81 247,1,http://www.madrid.es/sites/v/index.jsp?vgnextchannel=bfa48ab43d6bb410VgnVCM100000171f5a0aRCRD&vgnextoid=0295d1a2d9058110VgnVCM1000000b205a0aRCRD,OPORTO,avenue,https://www.wikidata.org/wiki/Q7543083,78,MADRID,MADRID,28019,Opañel,https://www.wikidata.org/wiki/Q3813756,Carabanchel,https://www.wikidata.org/wiki/Q1001991,40.38684744124125,-3.727740326743959,914 603 801,,
5753811,Sala de estudio San Cristóbal,Consultar telefónicamente.,Puestos de lectura: 40,Metro: Villaverde Alto (línea 3) Bus: 59 79,1,http://www.madrid.es/sites/v/index.jsp?vgnextchannel=bfa48ab43d6bb410VgnVCM100000171f5a0aRCRD&vgnextoid=4ae90a3bb87a9210VgnVCM1000000b205a0aRCRD,PINAZO,square,https://www.wikidata.org/wiki/Q174782,9,MADRID,MADRID,28021,San Cristóbal,https://www.wikidata.org/wiki/Q390457,Villaverde,https://www.wikidata.org/wiki/Q919536,40.34267317099495,-3.6914487380508842,917 100 410,,
6478893,Sala de estudio Sanchinarro (Hortaleza),De lunes a viernes: 9 a 15 y de 16 a 22 horas.,Puestos de lectura: 61 Wifi,Bus: 172 173 174,1,http://www.madrid.es/sites/v/index.jsp?vgnextchannel=bfa48ab43d6bb410VgnVCM100000171f5a0aRCRD&vgnextoid=459b10e528908310VgnVCM1000000b205a0aRCRD,PRINCESA DE EBOLI,street,https://www.wikidata.org/wiki/Q79007,29,MADRID,MADRID,28050,Valdefuentes,https://www.wikidata.org/wiki/Q10388714,Hortaleza,https://www.wikidata.org/wiki/Q1928529,40.49035310157377,-3.655261744717257,915 000 603,,
4815268,Sala de estudio Santa Petronila,Consultar telefónicamente.,Puestos de lectura: 15,Metro: Villaverde Bajo Cruce (línea 3)  Bus: 59 79 85 Renfe: Villaverde Bajo,1,http://www.madrid.es/sites/v/index.jsp?vgnextchannel=bfa48ab43d6bb410VgnVCM100000171f5a0aRCRD&vgnextoid=5b65c1e158558110VgnVCM1000000b205a0aRCRD,MARIA MARTINEZ OVIOL,street,https://www.wikidata.org/wiki/Q79007,12,MADRID,MADRID,28021,Los Rosales,https://www.wikidata.org/wiki/Q10319807,Villaverde,https://www.wikidata.org/wiki/Q919536,40.35087114162283,-3.691508909255186,917 109 710,,
4815389,Sala de estudio Valdebernardo (Vicálvaro),Sábados domingos y festivos de 9 a 13:45 y de 16 a 19:45 horas. Agosto cerrado.,Dos salas de estudio. Puestos de lectura: 60. Zona wifi.,Metro: Valdebernardo (línea 9).  Bus: 130 71 8.,1,http://www.madrid.es/sites/v/index.jsp?vgnextchannel=bfa48ab43d6bb410VgnVCM100000171f5a0aRCRD&vgnextoid=1dc9c0e48a558110VgnVCM1000000b205a0aRCRD,INDALECIO PRIETO,boulevard,https://www.wikidata.org/wiki/Q54114,21,MADRID,MADRID,28032,CASCO H.VICALVARO,,Vicálvaro,https://www.wikidata.org/wiki/Q589403,40.39982891410407,-3.621281890570377,913 016 460,,
10107814,Sala de estudio y lectura Arquitecto Juan de Herrera (Latina),En horario de funcionamiento del centro:  Lunes a Viernes de 9 a 21:30 horas. Sábados de 9 a 13:30 horas.,Puestos de lectura: 20 Zona wifi,Bus: 119 138,1,http://www.madrid.es/sites/v/index.jsp?vgnextchannel=bfa48ab43d6bb410VgnVCM100000171f5a0aRCRD&vgnextoid=6a6c61366ded5510VgnVCM1000001d4a900aRCRD,MARIA DEL CARMEN,street,https://www.wikidata.org/wiki/Q79007,65,MADRID,MADRID,28011,Barrio de Puerta del Ángel,https://www.wikidata.org/wiki/Q31142,Latina,https://www.wikidata.org/wiki/Q794954,40.40647389284976,-3.7327010920242043,914 649 304,,
10107379,Sala de estudio y lectura Cayetano Pando (Latina),Abierta todo el año salvo segunda quincena de julio y primera de agosto.   Lunes a Viernes de 8 a 22 h.  Sábados de 9 a 14 h.  Julio y Septiembre: L a V de 9 a 21 h.  Agosto: L a V de 9 a 21 h.,Puestos de lectura: 40.  Períodos extraordinarios de apertura:  PRIMER PERÍODO:   Del   29 de mayo al 11 de junio (ambos inclusive) en el siguiente horario:     De lunes a viernes.- De 8.00 a 22.00 horas     Sábados y Domingos.- De 9.00 a 22.00 horas   SEGUNDO PERÍODO:   Del   26 de junio al 9 de julio  (ambos inclusive) en el siguiente horario:     De lunes a viernes.- De 8.00 a 22.00 horas.     Sábados y Domingos.- De 9.00 a 22.00 horas.,Metro: Lucero y Laguna (línea 6) Cercanías Renfe: Laguna (línea C5).  Bus: 31 138.,0,http://www.madrid.es/sites/v/index.jsp?vgnextchannel=bfa48ab43d6bb410VgnVCM100000171f5a0aRCRD&vgnextoid=f565aea7089d5510VgnVCM1000001d4a900aRCRD,CAYETANO PANDO,street,https://www.wikidata.org/wiki/Q79007,8,MADRID,MADRID,28047,Lucero,https://www.wikidata.org/wiki/Q31162,Latina,https://www.wikidata.org/wiki/Q794954,40.40281371620686,-3.746531777787898,915 264 475,,
10107362,Sala de estudio y lectura Cebreros (Latina),Abierta todo el año salvo segunda quincena de julio y primera de agosto   Lunes a Viernes de 8 a 22 h.   Sábados de 9 a 14 h.   Julio y Septiembre: L a V de 9 a 21 h.   Agosto: L a V de 9 a 21 h.,Puestos de lectura: 63.  Períodos extraordinarios de apertura:  PRIMER PERÍODO:   Del   29 de mayo al 11 de junio (ambos inclusive) en el siguiente horario:     De lunes a viernes.- De 8.00 a 22.00 horas     Sábados y Domingos.- De 9.00 a 22.00 horas   SEGUNDO PERÍODO:   Del   26 de junio al 9 de julio  (ambos inclusive) en el siguiente horario:     De lunes a viernes.- De 8.00 a 22.00 horas.     Sábados y Domingos.- De 9.00 a 22.00 horas.,Metro: Lucero (línea 6) Batán (línea 10). Bus: 138 36 39 65.,0,http://www.madrid.es/sites/v/index.jsp?vgnextchannel=bfa48ab43d6bb410VgnVCM100000171f5a0aRCRD&vgnextoid=7d52aea7089d5510VgnVCM1000001d4a900aRCRD,CEBREROS,street,https://www.wikidata.org/wiki/Q79007,66,MADRID,MADRID,28011,Lucero,https://www.wikidata.org/wiki/Q31162,Latina,https://www.wikidata.org/wiki/Q794954,40.40512065478807,-3.748466414403756,914 796 964,,
8041433,Sala de estudio y lectura Centro Sociocultural Latina (Latina),En horario de funcionamiento del centro:  Lunes a Viernes de 9 a 21:30 horas. Sábados de 9 a 13:30 horas.,Puestos de lectura: 44. Zona wifi.,Bus: 155. Cercanías Renfe: Fanjul (C5).,1,http://www.madrid.es/sites/v/index.jsp?vgnextchannel=bfa48ab43d6bb410VgnVCM100000171f5a0aRCRD&vgnextoid=9a9e1f61dd74d410VgnVCM1000000b205a0aRCRD,RODRIGO DE ARANA,street,https://www.wikidata.org/wiki/Q79007,50,MADRID,MADRID,28044,Las Águilas,https://www.wikidata.org/wiki/Q5971372,Latina,https://www.wikidata.org/wiki/Q794954,40.3796456555054,-3.7659493469010017,915 095 470,,
10107702,Sala de estudio y lectura Escritor Pedro de Répide (Latina),En horario de funcionamiento del centro:  Lunes a Viernes de 9 a 21:30 horas. Sábados de 9 a 13:30 horas.,Puestos de lectura: 16 Zona wifi,Bus: 119 138,1,http://www.madrid.es/sites/v/index.jsp?vgnextchannel=bfa48ab43d6bb410VgnVCM100000171f5a0aRCRD&vgnextoid=5e0861366ded5510VgnVCM1000001d4a900aRCRD,MARIA DEL CARMEN,street,https://www.wikidata.org/wiki/Q79007,65,MADRID,MADRID,28011,Barrio de Puerta del Ángel,https://www.wikidata.org/wiki/Q31142,Latina,https://www.wikidata.org/wiki/Q794954,40.40647389284976,-3.7327010920242043,914 649 304,,
8041409,Sala de estudio y lectura José Luis Sampedro (Latina),En horario de funcionamiento del centro:  Lunes a Viernes de 9 a 21:30 horas. Sábados de 9 a 13:30 horas.,Puestos de lectura: 54. Zona wifi.,Metro: Laguna (línea 6) Lucero (línea 6). Bus: 55. Renfe: Laguna (C5),1,http://www.madrid.es/sites/v/index.jsp?vgnextchannel=bfa48ab43d6bb410VgnVCM100000171f5a0aRCRD&vgnextoid=a3e91f61dd74d410VgnVCM1000000b205a0aRCRD,CASTROSERNA,street,https://www.wikidata.org/wiki/Q79007,4,MADRID,MADRID,28047,Lucero,https://www.wikidata.org/wiki/Q31162,Latina,https://www.wikidata.org/wiki/Q794954,40.40179182285599,-3.7491601722547996,915 267 820,915 267 821,
10107309,Sala de estudio y lectura Maqueda (Latina),Abierta todo el año salvo segunda quincena de julio y primera de agosto   Lunes a Viernes de 8 a 22 h.   Sábados de 9 a 14 h.   Julio y Septiembre: L a V de 9 a 21 h.   Agosto: L a V de 9 a 21 h.,Puestos de lectura: 68.  Períodos extraordinarios de apertura:  PRIMER PERÍODO:   Del   29 de mayo al 11 de junio (ambos inclusive) en el siguiente horario:     De lunes a viernes.- De 8.00 a 22.00 horas     Sábados y Domingos.- De 9.00 a 22.00 horas   SEGUNDO PERÍODO:   Del   26 de junio al 9 de julio  (ambos inclusive) en el siguiente horario:     De lunes a viernes.- De 8.00 a 22.00 horas.     Sábados y Domingos.- De 9.00 a 22.00 horas.,Metro: Campamento (línea 5) Empalme (línea 10).  Bus: 121 25.,1,http://www.madrid.es/sites/v/index.jsp?vgnextchannel=bfa48ab43d6bb410VgnVCM100000171f5a0aRCRD&vgnextoid=afacaea7089d5510VgnVCM1000001d4a900aRCRD,MAQUEDA,street,https://www.wikidata.org/wiki/Q79007,5,MADRID,MADRID,28024,Aluche,https://www.wikidata.org/wiki/Q31140,Latina,https://www.wikidata.org/wiki/Q794954,40.39468264667264,-3.7646257427725063,917 110 369,,
8041448,Sala de estudio y lectura Miguel Hernández (Latina),En horario de funcionamiento del centro:  Lunes a Viernes de 9 a 21:30 horas. Sábado de 9 a 13:30 horas.,Puestos de lectura: 42.,Bus: 34 117 139 39. Cercanías Renfe: Las Aguilas (C5).,1,http://www.madrid.es/sites/v/index.jsp?vgnextchannel=bfa48ab43d6bb410VgnVCM100000171f5a0aRCRD&vgnextoid=b3431f61dd74d410VgnVCM1000000b205a0aRCRD,SERRADILLA,street,https://www.wikidata.org/wiki/Q79007,13,MADRID,MADRID,28044,Las Águilas,https://www.wikidata.org/wiki/Q5971372,Latina,https://www.wikidata.org/wiki/Q794954,40.378853797128336,-3.7819616113032115,917 066 300,,
10107172,Sala de estudio y lectura Paseo de Extremadura (Latina),Abierta todo el año salvo segunda quincena de julio y primera de agosto   Lunes a Viernes de 8 a 22 h.   Sábados de 9 a 14 h. .   Julio y Septiembre: L a V de 9 a 21 h.   Agosto: L a V de 9 a 21 h.,Puestos de lectura: 48.  Períodos extraordinarios de apertura:  PRIMER PERÍODO:   Del   29 de mayo al 11 de junio (ambos inclusive) en el siguiente horario:     De lunes a viernes.- De 8.00 a 22.00 horas     Sábados y Domingos.- De 9.00 a 22.00 horas   SEGUNDO PERÍODO:   Del   26 de junio al 9 de julio  (ambos inclusive) en el siguiente horario:     De lunes a viernes.- De 8.00 a 22.00 horas.     Sábados y Domingos.- De 9.00 a 22.00 horas.,Metro: Alto de Extremadura (línea 6).  Bus: 31 33 36 39 65.,0,http://www.madrid.es/sites/v/index.jsp?vgnextchannel=bfa48ab43d6bb410VgnVCM100000171f5a0aRCRD&vgnextoid=ae857f23530d5510VgnVCM2000001f4a900aRCRD,EXTREMADURA,promenade,https://www.wikidata.org/wiki/Q787113,128,MADRID,MADRID,28011,Barrio de Puerta del Ángel,https://www.wikidata.org/wiki/Q31142,Latina,https://www.wikidata.org/wiki/Q794954,40.411111789264716,-3.7358157416157276,914 634 249,,
8041514,Sala de estudio y lectura Sara Montiel (Latina),En horario de funcionamiento del centro:  Lunes a Viernes de 9 a 21:30 horas. Sábados de 9 a 13:30 horas.,Puestos de lectura: 54. Zona wifi.,Metro: Colonia Jardín (líneas 10 ML2 ML3). Bus: 65 H.,1,http://www.madrid.es/sites/v/index.jsp?vgnextchannel=bfa48ab43d6bb410VgnVCM100000171f5a0aRCRD&vgnextoid=2cfd68daae74d410VgnVCM1000000b205a0aRCRD,BOADILLA DEL MONTE,road,https://www.wikidata.org/wiki/Q34442,40,MADRID,MADRID,28024,Campamento,https://www.wikidata.org/wiki/Q31169,Latina,https://www.wikidata.org/wiki/Q794954,40.398830008074896,-3.7666969961921692,915 120 890,,
7989332,Sala de estudio y lectura del Centro Cultural Las Californias (Retiro),De lunes a viernes: 09.00 a 14.00 h y de 16.00 a 22.00 h Sábados: de 10.00 h a 14.00 h y de 16.00 a 21.00 h. Domingos: CERRADO.,Zona wifi Atención básica en lengua de signos.,Metro: Puente de Vallecas (línea 1)  Mendez Álvaro (línea 6)  Bus: 113 148  Cercanías RENFE: Mendez Álvaro Estación Sur (líneas C1 C5 C7 C10 Regional),1 y 4,http://www.madrid.es/sites/v/index.jsp?vgnextchannel=bfa48ab43d6bb410VgnVCM100000171f5a0aRCRD&vgnextoid=1626bbe4eb1cc410VgnVCM1000000b205a0aRCRD,LUIS PEIDRO,street,https://www.wikidata.org/wiki/Q79007,2,MADRID,MADRID,28007,Adelfas,https://www.wikidata.org/wiki/Q3774001,Retiro,https://www.wikidata.org/wiki/Q2002296,40.39701377469427,-3.6735395596361586,915 016 942,,
4815242,Sala de estudio Ágata,Consultar telefónicamente.,Puestos de lectura: 25,Bus: 22 79 86 130 131,1,http://www.madrid.es/sites/v/index.jsp?vgnextchannel=bfa48ab43d6bb410VgnVCM100000171f5a0aRCRD&vgnextoid=8a760c4d87558110VgnVCM1000000b205a0aRCRD,DOCTOR MARTIN AREVALO,street,https://www.wikidata.org/wiki/Q79007,2,MADRID,MADRID,28021,"Villaverde Alto, Casco Histórico de Villaverde",https://www.wikidata.org/wiki/Q390435,Villaverde,https://www.wikidata.org/wiki/Q919536,40.34636268334182,-3.708524395897377,917 109 300,,
4815493,Sala de lectura Pilares (Barajas),De lunes a viernes de 8 a 14 horas.,Puestos de lectura: 72 Wifi,Metro: Barajas (línea 8)  Bus: 101 105 115,1,http://www.madrid.es/sites/v/index.jsp?vgnextchannel=bfa48ab43d6bb410VgnVCM100000171f5a0aRCRD&vgnextoid=747e48136c558110VgnVCM1000000b205a0aRCRD,LOS PILARES,street,https://www.wikidata.org/wiki/Q79007,3,MADRID,MADRID,28042,CASCO H.BARAJAS,,Barajas,https://www.wikidata.org/wiki/Q807230,40.47504564286,-3.577805996745736,915 888 103,,
5753771,Salas de estudio Centro Cultural Pozo del tío Raimundo (Puente de Vallecas),De lunes a viernes de 8:30 a 21:30 horas. Sábados de 10 a 13:45 y de 16 a 19:45 horas. Domingos y festivos de 10 a 13:45 horas. Julio de lunes a viernes de 8:30 a 20:30 sábados domingos y festivos cerrado. Agosto cerrado.,Puestos de lectura: 20 reducido a 10 puestos dividido en dos salas. Zona wifi.,Bus: 102 24 103.  Cercanías Renfe: El Pozo (línea C2).,1,http://www.madrid.es/sites/v/index.jsp?vgnextchannel=bfa48ab43d6bb410VgnVCM100000171f5a0aRCRD&vgnextoid=9a831c35f67a9210VgnVCM1000000b205a0aRCRD,DE LAS GLORIETAS,avenue,https://www.wikidata.org/wiki/Q7543083,19,MADRID,MADRID,28053,Entrevías,https://www.wikidata.org/wiki/Q71756,Puente de Vallecas,https://www.wikidata.org/wiki/Q2003054,40.3735856436473,-3.6602546064905397,917 866 372,917 866 644,
7988710,Salas de estudio Centro cultural Mercado de Ibiza (Retiro),De lunes a viernes de 9 a 13:50 y de 16:30 a 20:30 horas.  Sábados de 9 a 13:50 horas. Domingos: Cerrado. Agosto cerrado.,Dos salas de estudio y lectura:   Puestos de lectura: 38 Zona wifi,Metro: Ibiza (línea 9)  Bus: 15 2 215 26 61 63 C1 C2 152 20  Bicimad: Estación 181 (calle ibiza 18),1,http://www.madrid.es/sites/v/index.jsp?vgnextchannel=bfa48ab43d6bb410VgnVCM100000171f5a0aRCRD&vgnextoid=ddfec642771cc410VgnVCM1000000b205a0aRCRD,IBIZA,street,https://www.wikidata.org/wiki/Q79007,8,MADRID,MADRID,28009,Ibiza,https://www.wikidata.org/wiki/Q15249910,Retiro,https://www.wikidata.org/wiki/Q2002296,40.41817164604735,-3.6773809757021385,915 572 601,,
8071910,Salas de estudio Miguel de Cervantes (San Blas - Canillejas),Lunes a domingo de 10 a 14:30 y 16:30 a 21 horas.,Puestos de lectura: 58 Zona wifi,Bus: 140 48 167 28,1,http://www.madrid.es/sites/v/index.jsp?vgnextchannel=bfa48ab43d6bb410VgnVCM100000171f5a0aRCRD&vgnextoid=4ef476e159ead410VgnVCM1000000b205a0aRCRD,ALIAGA,street,https://www.wikidata.org/wiki/Q79007,5,MADRID,MADRID,28022,Canillejas,https://www.wikidata.org/wiki/Q663013,San Blas,https://www.wikidata.org/wiki/Q2001937,40.43664778776818,-3.611362970564875,917 430 078,,
